gender,lunch,test_prep_course,math,history,english,parents_ed,id
female,standard,completed,91,100,100,bachelor's degree,1
female,standard,none,69,100,78,GCSE/O level,2
female,standard,none,65,100,71,GCSE/O level,3
male,free/reduced,none,70,100,61,bachelor's degree,4
male,standard,completed,82,100,80,bachelor's degree,5
male,free/reduced,none,44,100,38,A level,6
female,free/reduced,completed,49,100,60,GCSE/O level,7
male,free/reduced,completed,92,100,80,bachelor's degree,8
female,free/reduced,none,31,100,38,A level,9
female,standard,none,52,100,58,A level,10
male,standard,none,65,100,63,A level,11
male,free/reduced,none,75,100,72,associate's degree,12
female,standard,none,84,100,87,associate's degree,13
female,standard,completed,70,100,74,A level,14
female,free/reduced,none,58,100,60,A level,15
male,standard,none,77,100,74,GCSE/O level,16
female,standard,completed,93,100,92,associate's degree,17
male,standard,none,82,100,76,A level,18
female,standard,completed,79,100,88,associate's degree,19
female,standard,none,84,99,85,A level,20
female,free/reduced,none,67,99,80,bachelor's degree,21
male,standard,none,75,99,62,GCSE/O level,22
male,free/reduced,none,50,99,45,GCSE/O level,23
female,standard,none,48,98,48,GCSE/O level,24
female,standard,none,74,98,74,bachelor's degree,25
male,standard,completed,41,98,46,GCSE/O level,26
male,standard,none,66,98,55,associate's degree,27
male,standard,completed,65,98,54,associate's degree,28
female,standard,none,70,97,85,GCSE/O level,29
female,standard,completed,70,97,86,bachelor's degree,30
male,standard,none,87,96,73,bachelor's degree,31
male,standard,completed,86,96,79,master's degree,32
male,standard,completed,71,96,69,GCSE/O level,33
male,standard,completed,87,96,83,A level,34
female,standard,none,66,96,69,bachelor's degree,35
female,standard,none,61,96,69,bachelor's degree,36
female,standard,none,52,96,63,associate's degree,37
female,standard,completed,77,96,91,A level,38
male,free/reduced,none,62,96,58,master's degree,39
female,standard,completed,65,95,77,associate's degree,40
male,standard,none,64,95,60,A level,41
female,free/reduced,completed,55,95,69,GCSE/O level,42
female,standard,none,93,95,93,GCSE/O level,43
female,standard,completed,64,95,76,bachelor's degree,44
male,standard,none,94,95,83,A level,45
male,free/reduced,completed,94,94,85,bachelor's degree,46
male,free/reduced,none,62,94,59,A level,47
male,standard,none,80,94,70,associate's degree,48
female,standard,none,60,94,71,associate's degree,49
male,standard,none,96,94,87,bachelor's degree,50
female,standard,none,66,94,78,associate's degree,51
male,standard,completed,100,94,95,bachelor's degree,52
female,free/reduced,completed,69,94,80,GCSE/O level,53
female,free/reduced,none,72,94,78,associate's degree,54
male,standard,completed,68,94,67,master's degree,55
female,standard,completed,44,94,55,bachelor's degree,56
female,standard,none,96,94,95,bachelor's degree,57
female,standard,none,51,94,61,GCSE/O level,58
male,standard,completed,82,93,87,master's degree,59
female,standard,completed,65,93,78,GCSE/O level,60
female,free/reduced,completed,57,93,66,associate's degree,61
female,free/reduced,completed,42,93,46,A level,62
female,free/reduced,none,47,93,46,A level,63
female,standard,none,84,93,97,bachelor's degree,64
female,standard,completed,55,93,69,A level,65
female,free/reduced,completed,56,93,78,master's degree,66
female,free/reduced,none,60,92,65,A level,67
female,standard,none,59,92,62,A level,68
female,free/reduced,completed,61,92,67,bachelor's degree,69
male,standard,none,71,92,63,GCSE/O level,70
female,standard,completed,74,92,81,A level,71
female,free/reduced,none,38,92,48,bachelor's degree,72
female,standard,none,63,92,74,bachelor's degree,73
male,standard,none,77,92,63,bachelor's degree,74
male,free/reduced,completed,61,91,59,master's degree,75
male,standard,none,89,91,70,associate's degree,76
female,standard,completed,62,91,78,bachelor's degree,77
female,free/reduced,completed,73,91,92,bachelor's degree,78
female,standard,completed,57,91,63,bachelor's degree,79
female,standard,completed,79,91,88,associate's degree,80
male,standard,completed,86,91,76,bachelor's degree,81
female,standard,none,81,91,87,GCSE/O level,82
male,free/reduced,none,46,91,44,GCSE/O level,83
female,standard,completed,100,91,100,master's degree,84
male,standard,none,81,91,80,associate's degree,85
female,free/reduced,completed,73,91,86,associate's degree,86
female,free/reduced,none,50,91,52,A level,87
male,standard,none,56,90,49,associate's degree,88
female,free/reduced,none,52,90,72,bachelor's degree,89
female,standard,completed,83,90,97,bachelor's degree,90
female,free/reduced,completed,41,90,46,GCSE/O level,91
female,free/reduced,none,79,90,82,bachelor's degree,92
male,standard,none,83,90,65,bachelor's degree,93
female,free/reduced,none,43,90,56,GCSE/O level,94
female,standard,completed,73,90,77,A level,95
female,standard,none,75,90,75,bachelor's degree,96
female,free/reduced,none,51,90,61,A level,97
female,free/reduced,completed,69,89,73,associate's degree,98
female,standard,none,51,89,58,associate's degree,99
female,standard,none,54,89,56,associate's degree,100
male,standard,none,59,89,51,A level,101
male,free/reduced,none,44,89,37,bachelor's degree,102
male,free/reduced,none,43,89,47,associate's degree,103
female,free/reduced,none,50,89,59,bachelor's degree,104
female,standard,none,69,89,81,bachelor's degree,105
male,standard,none,81,88,80,GCSE/O level,106
male,standard,none,63,88,54,bachelor's degree,107
male,standard,none,89,88,82,A level,108
female,standard,none,51,88,60,bachelor's degree,109
female,free/reduced,none,78,88,82,bachelor's degree,110
female,standard,completed,75,88,92,associate's degree,111
male,standard,none,41,88,41,bachelor's degree,112
male,standard,none,94,88,83,master's degree,113
male,standard,none,85,88,77,bachelor's degree,114
female,standard,none,59,88,68,bachelor's degree,115
male,standard,completed,86,88,80,GCSE/O level,116
male,standard,none,65,88,60,master's degree,117
female,free/reduced,completed,50,88,58,A level,118
male,standard,none,68,88,61,A level,119
male,free/reduced,none,64,88,53,bachelor's degree,120
female,free/reduced,completed,42,88,57,GCSE/O level,121
male,standard,none,55,87,43,A level,122
female,free/reduced,none,64,87,76,master's degree,123
female,standard,none,56,87,57,GCSE/O level,124
male,free/reduced,none,52,87,45,associate's degree,125
female,standard,none,51,87,48,associate's degree,126
male,free/reduced,none,54,87,51,bachelor's degree,127
female,standard,none,84,87,96,associate's degree,128
female,standard,none,66,87,71,bachelor's degree,129
male,standard,none,85,87,77,bachelor's degree,130
female,standard,none,84,87,91,bachelor's degree,131
female,standard,completed,77,87,95,bachelor's degree,132
female,free/reduced,none,46,87,54,A level,133
male,standard,completed,80,87,83,associate's degree,134
male,standard,completed,82,87,80,GCSE/O level,135
male,free/reduced,none,44,86,46,bachelor's degree,136
female,standard,none,70,86,79,bachelor's degree,137
male,standard,none,89,86,72,associate's degree,138
female,standard,none,45,86,52,bachelor's degree,139
male,free/reduced,none,63,86,51,GCSE/O level,140
female,standard,none,63,86,60,bachelor's degree,141
female,free/reduced,completed,39,86,49,A level,142
male,standard,completed,72,86,64,bachelor's degree,143
male,free/reduced,completed,61,86,62,bachelor's degree,144
female,standard,none,35,86,51,bachelor's degree,145
female,free/reduced,none,22,86,39,associate's degree,146
male,standard,none,81,86,69,associate's degree,147
male,standard,completed,75,86,81,A level,148
male,standard,completed,36,86,46,GCSE/O level,149
female,standard,completed,81,86,87,bachelor's degree,150
female,standard,completed,98,85,100,bachelor's degree,151
female,free/reduced,none,73,85,80,associate's degree,152
female,free/reduced,completed,88,85,99,bachelor's degree,153
female,standard,none,74,85,81,GCSE/O level,154
male,standard,none,75,85,67,GCSE/O level,155
female,free/reduced,none,44,85,48,bachelor's degree,156
female,standard,none,70,85,77,GCSE/O level,157
male,free/reduced,none,59,85,55,bachelor's degree,158
female,free/reduced,completed,66,85,91,associate's degree,159
male,standard,none,59,85,54,GCSE/O level,160
male,standard,none,63,85,47,bachelor's degree,161
male,standard,none,84,85,80,master's degree,162
male,free/reduced,none,42,85,37,bachelor's degree,163
female,free/reduced,none,70,85,69,GCSE/O level,164
female,free/reduced,none,54,85,67,bachelor's degree,165
male,free/reduced,none,58,84,57,GCSE/O level,166
female,free/reduced,completed,40,84,56,bachelor's degree,167
female,standard,none,64,84,69,bachelor's degree,168
female,standard,none,77,84,87,bachelor's degree,169
female,free/reduced,none,51,84,53,A level,170
female,free/reduced,completed,71,84,89,bachelor's degree,171
male,standard,none,80,84,71,bachelor's degree,172
male,free/reduced,none,64,84,62,associate's degree,173
male,standard,none,51,84,43,GCSE/O level,174
male,standard,completed,47,84,46,GCSE/O level,175
female,standard,none,84,84,86,A level,176
male,standard,none,74,84,62,master's degree,177
male,standard,none,78,84,70,bachelor's degree,178
male,standard,completed,43,84,49,bachelor's degree,179
male,standard,none,65,84,58,GCSE/O level,180
male,free/reduced,completed,74,84,82,bachelor's degree,181
male,standard,none,73,84,66,associate's degree,182
male,standard,none,76,84,69,master's degree,183
female,standard,none,64,84,76,GCSE/O level,184
female,free/reduced,none,68,84,72,associate's degree,185
female,standard,none,72,83,85,A level,186
female,standard,none,59,83,60,GCSE/O level,187
male,standard,none,69,83,60,bachelor's degree,188
male,free/reduced,none,79,83,69,associate's degree,189
female,standard,completed,64,83,77,A level,190
male,free/reduced,none,62,83,52,A level,191
female,free/reduced,none,51,83,63,associate's degree,192
female,standard,completed,66,83,82,associate's degree,193
male,standard,completed,85,83,80,master's degree,194
male,free/reduced,none,68,83,52,bachelor's degree,195
male,free/reduced,none,80,83,74,A level,196
female,standard,completed,83,83,100,bachelor's degree,197
male,standard,none,79,83,56,GCSE/O level,198
male,free/reduced,completed,52,83,56,GCSE/O level,199
female,free/reduced,none,52,83,51,bachelor's degree,200
male,standard,completed,78,82,74,associate's degree,201
female,free/reduced,completed,62,82,81,associate's degree,202
female,standard,none,93,82,95,associate's degree,203
female,standard,completed,93,82,100,associate's degree,204
male,free/reduced,none,68,82,61,associate's degree,205
female,standard,completed,89,82,93,GCSE/O level,206
female,free/reduced,none,47,82,55,bachelor's degree,207
female,standard,none,78,82,74,bachelor's degree,208
female,standard,none,73,82,82,bachelor's degree,209
female,free/reduced,none,57,82,66,A level,210
male,free/reduced,completed,59,82,54,GCSE/O level,211
male,standard,none,66,82,63,GCSE/O level,212
female,standard,none,70,82,80,bachelor's degree,213
male,free/reduced,none,90,82,71,bachelor's degree,214
male,standard,none,80,82,70,A level,215
male,standard,completed,70,82,67,associate's degree,216
female,standard,completed,78,82,79,bachelor's degree,217
male,free/reduced,none,82,82,81,A level,218
female,free/reduced,completed,76,82,100,bachelor's degree,219
female,standard,none,71,82,82,master's degree,220
female,free/reduced,completed,70,82,80,bachelor's degree,221
male,free/reduced,completed,62,82,62,bachelor's degree,222
male,free/reduced,none,54,82,50,bachelor's degree,223
female,standard,none,67,81,76,GCSE/O level,224
female,standard,none,49,81,58,A level,225
male,free/reduced,none,46,81,40,A level,226
female,free/reduced,none,49,81,63,bachelor's degree,227
female,standard,none,86,81,95,associate's degree,228
female,free/reduced,completed,58,81,72,A level,229
female,standard,none,21,81,35,GCSE/O level,230
female,free/reduced,none,43,81,53,bachelor's degree,231
female,standard,completed,63,81,62,A level,232
male,free/reduced,none,61,81,62,bachelor's degree,233
female,standard,none,51,81,66,GCSE/O level,234
female,standard,none,65,81,67,bachelor's degree,235
female,free/reduced,completed,47,81,62,associate's degree,236
male,free/reduced,none,69,81,69,A level,237
male,free/reduced,completed,44,81,46,bachelor's degree,238
female,standard,completed,67,81,82,GCSE/O level,239
female,standard,none,63,81,65,GCSE/O level,240
male,free/reduced,none,69,81,61,GCSE/O level,241
male,standard,completed,100,81,96,associate's degree,242
male,free/reduced,none,39,81,27,GCSE/O level,243
female,standard,completed,81,81,98,A level,244
female,standard,completed,74,80,80,associate's degree,245
male,standard,none,84,80,73,associate's degree,246
male,standard,none,49,80,40,A level,247
female,standard,none,58,80,61,master's degree,248
female,free/reduced,none,48,80,50,bachelor's degree,249
female,standard,none,67,80,71,bachelor's degree,250
female,standard,none,63,80,72,GCSE/O level,251
female,standard,none,57,80,68,bachelor's degree,252
male,standard,none,53,80,44,A level,253
male,standard,none,68,80,59,associate's degree,254
female,free/reduced,completed,62,80,73,bachelor's degree,255
male,standard,completed,65,80,61,A level,256
male,standard,none,72,80,60,master's degree,257
female,free/reduced,none,65,80,64,associate's degree,258
male,standard,none,75,80,62,A level,259
male,standard,none,74,80,58,associate's degree,260
male,free/reduced,completed,78,80,77,master's degree,261
male,standard,none,64,80,47,GCSE/O level,262
female,standard,none,86,80,94,associate's degree,263
female,standard,completed,79,80,100,master's degree,264
female,standard,completed,60,80,70,GCSE/O level,265
male,standard,completed,70,80,67,bachelor's degree,266
male,free/reduced,none,61,79,54,A level,267
female,standard,none,66,79,67,A level,268
female,free/reduced,completed,46,79,63,associate's degree,269
male,standard,none,86,79,81,GCSE/O level,270
female,free/reduced,completed,48,79,59,bachelor's degree,271
male,standard,completed,40,79,40,GCSE/O level,272
male,standard,none,87,79,75,associate's degree,273
male,standard,none,54,79,53,bachelor's degree,274
male,standard,none,96,79,87,bachelor's degree,275
female,standard,completed,70,79,85,GCSE/O level,276
male,standard,none,57,79,45,GCSE/O level,277
male,standard,none,54,79,39,bachelor's degree,278
female,standard,completed,52,79,69,bachelor's degree,279
female,standard,completed,100,79,100,bachelor's degree,280
male,free/reduced,completed,44,79,48,associate's degree,281
male,free/reduced,completed,55,79,55,A level,282
male,standard,none,68,79,51,associate's degree,283
female,standard,none,70,79,84,bachelor's degree,284
male,free/reduced,none,50,79,48,bachelor's degree,285
female,free/reduced,completed,50,79,69,A level,286
female,free/reduced,none,27,79,47,master's degree,287
female,standard,completed,86,79,100,bachelor's degree,288
male,standard,completed,100,79,89,bachelor's degree,289
female,free/reduced,none,42,79,52,associate's degree,290
male,standard,completed,81,79,70,GCSE/O level,291
male,standard,completed,83,79,85,bachelor's degree,292
female,standard,none,66,78,73,bachelor's degree,293
female,standard,none,78,78,76,GCSE/O level,294
female,standard,completed,73,78,78,associate's degree,295
female,free/reduced,completed,81,78,97,associate's degree,296
female,standard,none,37,78,58,bachelor's degree,297
female,standard,none,74,78,83,A level,298
female,free/reduced,completed,64,78,75,bachelor's degree,299
female,standard,none,63,78,59,A level,300
female,free/reduced,none,50,78,63,A level,301
male,standard,none,87,78,74,bachelor's degree,302
female,free/reduced,completed,54,78,70,associate's degree,303
female,standard,none,76,78,68,GCSE/O level,304
male,standard,completed,100,78,93,master's degree,305
female,free/reduced,none,67,78,82,bachelor's degree,306
female,free/reduced,none,61,78,68,A level,307
female,standard,none,64,78,72,bachelor's degree,308
female,standard,completed,62,78,78,bachelor's degree,309
female,standard,none,60,78,65,GCSE/O level,310
female,standard,completed,43,78,56,bachelor's degree,311
male,free/reduced,none,44,78,39,bachelor's degree,312
male,standard,none,53,78,46,GCSE/O level,313
male,free/reduced,none,79,78,78,associate's degree,314
male,free/reduced,none,68,78,57,A level,315
male,free/reduced,none,76,78,71,bachelor's degree,316
male,standard,completed,84,77,76,bachelor's degree,317
male,standard,none,63,77,56,master's degree,318
female,free/reduced,none,76,77,79,A level,319
female,standard,none,64,77,75,master's degree,320
male,standard,completed,48,77,43,bachelor's degree,321
female,standard,completed,80,77,89,GCSE/O level,322
male,standard,none,80,77,69,bachelor's degree,323
female,standard,completed,81,77,86,associate's degree,324
male,free/reduced,none,63,77,58,bachelor's degree,325
female,standard,completed,54,77,69,bachelor's degree,326
female,standard,none,77,77,85,bachelor's degree,327
female,free/reduced,completed,72,77,89,GCSE/O level,328
male,standard,completed,74,77,65,A level,329
male,standard,completed,91,77,77,bachelor's degree,330
female,free/reduced,none,55,77,67,GCSE/O level,331
female,standard,none,73,77,67,bachelor's degree,332
female,free/reduced,completed,48,77,63,master's degree,333
male,standard,completed,70,77,64,A level,334
female,free/reduced,completed,79,77,87,master's degree,335
male,free/reduced,none,54,77,58,GCSE/O level,336
female,standard,none,48,77,48,A level,337
male,free/reduced,none,76,77,72,bachelor's degree,338
male,standard,completed,87,76,84,bachelor's degree,339
male,standard,completed,70,76,63,bachelor's degree,340
female,free/reduced,none,54,76,59,bachelor's degree,341
male,standard,none,75,76,65,bachelor's degree,342
male,standard,completed,68,76,64,GCSE/O level,343
male,standard,none,76,76,71,bachelor's degree,344
male,standard,completed,74,76,75,A level,345
male,free/reduced,none,46,76,41,A level,346
male,free/reduced,none,57,76,59,associate's degree,347
female,standard,none,82,76,90,associate's degree,348
female,standard,none,41,76,50,GCSE/O level,349
male,standard,none,62,76,61,GCSE/O level,350
female,standard,none,45,76,52,GCSE/O level,351
male,standard,none,27,76,28,GCSE/O level,352
female,free/reduced,none,36,76,58,bachelor's degree,353
female,free/reduced,completed,51,76,76,GCSE/O level,354
male,free/reduced,none,86,76,77,A level,355
female,free/reduced,none,61,76,70,associate's degree,356
female,standard,none,70,76,70,bachelor's degree,357
male,free/reduced,none,71,76,79,bachelor's degree,358
female,standard,none,81,76,85,A level,359
male,standard,completed,86,76,84,associate's degree,360
male,standard,none,48,75,38,GCSE/O level,361
female,free/reduced,none,49,75,59,bachelor's degree,362
male,standard,none,70,75,69,associate's degree,363
male,free/reduced,none,70,75,66,A level,364
male,standard,completed,75,75,72,master's degree,365
female,standard,none,95,75,94,bachelor's degree,366
male,free/reduced,completed,48,75,51,A level,367
female,free/reduced,none,37,75,48,A level,368
female,standard,none,73,75,70,bachelor's degree,369
female,free/reduced,none,51,75,55,GCSE/O level,370
male,standard,none,62,75,46,A level,371
male,standard,completed,47,75,51,A level,372
male,standard,none,79,75,72,A level,373
male,free/reduced,none,49,75,50,bachelor's degree,374
male,standard,none,78,75,58,GCSE/O level,375
female,free/reduced,completed,41,75,58,bachelor's degree,376
female,standard,none,66,75,71,A level,377
female,standard,none,58,75,71,A level,378
female,standard,none,53,75,63,GCSE/O level,379
male,free/reduced,none,88,75,80,bachelor's degree,380
male,free/reduced,none,32,75,30,A level,381
female,standard,none,56,75,56,associate's degree,382
male,free/reduced,completed,55,74,49,A level,383
male,free/reduced,none,39,74,40,GCSE/O level,384
female,standard,completed,93,74,100,master's degree,385
female,standard,none,71,74,72,GCSE/O level,386
female,standard,none,66,74,71,bachelor's degree,387
male,standard,none,53,74,48,bachelor's degree,388
male,standard,completed,60,74,57,GCSE/O level,389
male,free/reduced,completed,78,74,78,A level,390
female,free/reduced,none,57,74,60,A level,391
male,standard,none,70,74,65,master's degree,392
female,standard,completed,62,74,77,GCSE/O level,393
female,free/reduced,none,52,74,65,associate's degree,394
male,standard,completed,72,74,68,A level,395
male,free/reduced,none,54,74,47,associate's degree,396
male,standard,none,89,74,88,bachelor's degree,397
male,standard,none,69,74,66,A level,398
female,standard,none,59,74,53,bachelor's degree,399
female,free/reduced,completed,24,74,41,GCSE/O level,400
female,standard,none,61,74,70,bachelor's degree,401
male,free/reduced,completed,62,74,69,GCSE/O level,402
female,free/reduced,completed,59,74,83,bachelor's degree,403
female,standard,none,65,74,76,bachelor's degree,404
female,free/reduced,none,43,73,60,associate's degree,405
male,free/reduced,none,68,73,68,bachelor's degree,406
female,standard,none,65,73,77,bachelor's degree,407
male,standard,none,78,73,67,A level,408
female,free/reduced,completed,86,73,98,bachelor's degree,409
female,standard,none,63,73,63,associate's degree,410
female,standard,none,74,73,74,GCSE/O level,411
female,standard,none,53,73,60,bachelor's degree,412
male,standard,none,58,73,52,A level,413
female,standard,completed,77,73,83,bachelor's degree,414
male,free/reduced,completed,72,73,68,bachelor's degree,415
male,standard,none,69,73,66,A level,416
male,free/reduced,completed,42,73,31,associate's degree,417
female,standard,none,50,73,55,bachelor's degree,418
male,free/reduced,completed,47,73,51,A level,419
female,free/reduced,none,47,73,48,bachelor's degree,420
male,standard,none,77,73,65,GCSE/O level,421
female,free/reduced,none,61,73,65,GCSE/O level,422
male,standard,completed,87,73,72,bachelor's degree,423
female,free/reduced,completed,37,73,60,bachelor's degree,424
male,standard,completed,74,73,67,GCSE/O level,425
male,standard,completed,83,73,92,bachelor's degree,426
male,free/reduced,none,62,73,63,master's degree,427
male,free/reduced,none,61,73,48,GCSE/O level,428
female,standard,completed,55,73,73,bachelor's degree,429
female,standard,none,74,73,87,GCSE/O level,430
male,standard,none,70,73,64,associate's degree,431
female,free/reduced,none,84,73,90,A level,432
female,standard,none,91,73,94,associate's degree,433
male,free/reduced,completed,69,73,77,bachelor's degree,434
male,free/reduced,completed,43,73,51,bachelor's degree,435
male,standard,completed,83,73,83,A level,436
male,free/reduced,completed,55,73,55,GCSE/O level,437
male,standard,none,84,72,71,GCSE/O level,438
female,standard,completed,99,72,100,bachelor's degree,439
male,standard,none,87,72,71,bachelor's degree,440
female,free/reduced,none,45,72,57,GCSE/O level,441
female,free/reduced,none,44,72,60,bachelor's degree,442
male,standard,none,84,72,86,bachelor's degree,443
female,free/reduced,completed,35,72,55,bachelor's degree,444
female,standard,completed,74,72,82,associate's degree,445
male,standard,completed,74,72,67,bachelor's degree,446
male,standard,none,76,72,73,bachelor's degree,447
female,standard,none,73,72,74,GCSE/O level,448
male,free/reduced,none,40,72,38,GCSE/O level,449
male,standard,none,71,72,66,master's degree,450
male,standard,none,54,72,50,bachelor's degree,451
female,free/reduced,none,62,72,81,associate's degree,452
male,standard,none,83,72,87,bachelor's degree,453
female,standard,none,48,72,55,associate's degree,454
female,free/reduced,none,33,72,42,GCSE/O level,455
male,standard,none,79,72,73,GCSE/O level,456
female,free/reduced,none,57,72,74,GCSE/O level,457
female,standard,none,67,72,71,bachelor's degree,458
female,standard,none,52,72,61,A level,459
female,free/reduced,completed,61,72,68,associate's degree,460
female,standard,none,65,72,71,GCSE/O level,461
female,standard,none,53,72,59,associate's degree,462
male,standard,none,76,71,59,A level,463
male,free/reduced,completed,83,71,77,A level,464
female,standard,none,67,71,66,A level,465
male,standard,completed,66,71,61,GCSE/O level,466
female,free/reduced,none,50,71,68,associate's degree,467
female,free/reduced,completed,83,71,91,GCSE/O level,468
female,standard,none,52,71,62,A level,469
female,standard,completed,76,71,88,GCSE/O level,470
female,free/reduced,completed,67,71,91,bachelor's degree,471
female,standard,completed,72,71,77,A level,472
female,free/reduced,none,61,71,68,bachelor's degree,473
female,standard,completed,58,71,64,GCSE/O level,474
female,standard,none,46,71,52,bachelor's degree,475
female,free/reduced,none,47,71,55,master's degree,476
female,standard,completed,62,71,74,A level,477
female,free/reduced,completed,34,71,54,A level,478
female,free/reduced,completed,49,71,59,A level,479
male,standard,none,67,71,64,A level,480
male,standard,none,89,71,84,associate's degree,481
female,standard,none,58,71,62,bachelor's degree,482
male,standard,none,62,71,59,bachelor's degree,483
male,standard,completed,85,71,90,bachelor's degree,484
female,standard,none,55,70,72,bachelor's degree,485
female,standard,completed,77,70,83,bachelor's degree,486
female,free/reduced,completed,61,70,81,master's degree,487
male,free/reduced,none,52,70,52,bachelor's degree,488
female,standard,completed,77,70,83,bachelor's degree,489
male,free/reduced,none,44,70,44,GCSE/O level,490
male,standard,none,89,70,66,A level,491
female,standard,none,51,70,61,associate's degree,492
male,free/reduced,completed,82,70,83,bachelor's degree,493
male,standard,none,62,70,43,bachelor's degree,494
male,free/reduced,completed,64,70,66,GCSE/O level,495
female,free/reduced,completed,84,70,100,master's degree,496
male,standard,none,77,70,67,associate's degree,497
female,free/reduced,none,69,70,76,associate's degree,498
male,standard,completed,78,70,81,bachelor's degree,499
male,free/reduced,none,56,70,59,master's degree,500
male,standard,none,58,70,44,GCSE/O level,501
male,standard,none,70,70,60,bachelor's degree,502
female,free/reduced,none,50,70,54,bachelor's degree,503
female,standard,none,63,70,67,bachelor's degree,504
male,standard,none,69,70,56,associate's degree,505
female,standard,none,92,70,91,A level,506
male,free/reduced,completed,70,70,70,associate's degree,507
female,free/reduced,completed,52,70,62,A level,508
male,standard,none,71,69,66,associate's degree,509
male,standard,completed,84,69,83,associate's degree,510
female,standard,completed,60,69,63,GCSE/O level,511
female,standard,none,81,69,74,GCSE/O level,512
female,standard,none,53,69,60,A level,513
female,free/reduced,none,82,69,72,A level,514
female,standard,completed,62,69,69,GCSE/O level,515
female,free/reduced,none,61,69,81,bachelor's degree,516
female,standard,completed,72,69,84,bachelor's degree,517
male,standard,none,77,69,65,associate's degree,518
male,free/reduced,completed,65,69,62,A level,519
male,standard,completed,76,69,73,associate's degree,520
male,free/reduced,none,69,69,59,associate's degree,521
female,free/reduced,completed,72,69,87,associate's degree,522
female,standard,completed,93,69,100,GCSE/O level,523
male,standard,none,60,69,47,A level,524
female,standard,completed,89,69,95,bachelor's degree,525
female,free/reduced,none,38,69,48,A level,526
male,standard,none,71,69,63,bachelor's degree,527
female,free/reduced,none,53,69,65,A level,528
female,standard,none,47,69,47,bachelor's degree,529
male,standard,none,71,69,71,master's degree,530
female,free/reduced,none,57,69,61,bachelor's degree,531
male,free/reduced,completed,73,69,65,bachelor's degree,532
female,free/reduced,completed,65,69,82,bachelor's degree,533
female,free/reduced,none,43,69,51,associate's degree,534
female,standard,none,77,69,75,A level,535
female,standard,none,79,68,78,associate's degree,536
female,free/reduced,completed,52,68,56,GCSE/O level,537
female,standard,completed,91,68,100,bachelor's degree,538
female,standard,completed,74,68,75,GCSE/O level,539
male,free/reduced,none,60,68,67,associate's degree,540
male,free/reduced,completed,76,68,73,master's degree,541
female,standard,none,59,68,68,A level,542
male,standard,completed,61,68,66,bachelor's degree,543
male,free/reduced,none,60,68,48,GCSE/O level,544
male,free/reduced,none,67,68,60,bachelor's degree,545
female,standard,none,72,68,74,bachelor's degree,546
female,standard,completed,75,68,89,bachelor's degree,547
female,standard,none,60,68,73,GCSE/O level,548
female,standard,none,74,68,82,associate's degree,549
male,standard,none,83,68,77,associate's degree,550
male,standard,completed,86,68,92,bachelor's degree,551
male,standard,none,80,68,67,bachelor's degree,552
female,standard,none,65,68,74,bachelor's degree,553
female,standard,completed,70,68,82,bachelor's degree,554
male,standard,none,78,68,72,master's degree,555
female,standard,none,47,68,58,bachelor's degree,556
male,standard,none,74,68,64,GCSE/O level,557
male,standard,none,67,68,58,bachelor's degree,558
female,standard,none,64,67,60,bachelor's degree,559
female,standard,none,74,67,98,bachelor's degree,560
male,standard,none,50,67,44,A level,561
female,free/reduced,completed,51,67,61,associate's degree,562
female,free/reduced,none,54,67,71,bachelor's degree,563
male,standard,none,80,67,76,A level,564
female,standard,none,95,67,96,A level,565
male,standard,completed,58,67,55,bachelor's degree,566
female,standard,completed,75,67,81,A level,567
female,standard,completed,41,67,56,bachelor's degree,568
male,free/reduced,none,67,67,68,master's degree,569
male,standard,completed,72,67,61,bachelor's degree,570
female,standard,none,43,67,51,associate's degree,571
male,free/reduced,completed,65,67,64,A level,572
male,free/reduced,none,55,67,56,bachelor's degree,573
male,standard,none,83,67,82,associate's degree,574
female,free/reduced,completed,57,67,76,A level,575
female,standard,completed,75,67,86,associate's degree,576
female,standard,completed,68,66,82,associate's degree,577
male,standard,none,54,66,47,A level,578
male,standard,completed,66,66,67,bachelor's degree,579
female,free/reduced,completed,68,66,76,A level,580
male,standard,none,59,66,51,A level,581
male,standard,none,48,66,39,GCSE/O level,582
female,free/reduced,none,65,66,84,A level,583
male,free/reduced,none,45,66,35,GCSE/O level,584
male,standard,none,96,66,85,A level,585
male,standard,none,52,66,53,associate's degree,586
female,free/reduced,none,54,66,65,bachelor's degree,587
female,free/reduced,none,48,66,58,A level,588
male,standard,none,75,66,67,bachelor's degree,589
male,free/reduced,none,26,66,21,A level,590
male,free/reduced,completed,68,66,71,A level,591
male,free/reduced,none,47,66,34,associate's degree,592
male,standard,completed,42,66,50,GCSE/O level,593
female,standard,none,91,66,100,bachelor's degree,594
female,standard,none,77,66,91,A level,595
female,standard,none,78,66,82,A level,596
male,standard,none,90,66,92,associate's degree,597
male,standard,none,64,66,60,bachelor's degree,598
female,standard,none,80,66,96,A level,599
female,free/reduced,none,49,66,68,bachelor's degree,600
male,standard,none,72,66,64,GCSE/O level,601
male,free/reduced,none,43,66,39,A level,602
female,standard,completed,62,66,79,bachelor's degree,603
female,standard,none,70,66,81,master's degree,604
female,standard,none,58,66,62,bachelor's degree,605
female,free/reduced,completed,59,66,68,associate's degree,606
male,free/reduced,none,62,66,53,A level,607
male,standard,none,62,66,47,associate's degree,608
female,standard,completed,88,66,100,associate's degree,609
female,free/reduced,completed,54,66,67,GCSE/O level,610
male,free/reduced,none,67,66,61,bachelor's degree,611
female,standard,none,54,66,64,bachelor's degree,612
female,standard,completed,55,66,71,GCSE/O level,613
male,free/reduced,completed,56,66,60,A level,614
male,standard,none,68,66,64,bachelor's degree,615
female,standard,none,85,66,77,A level,616
male,free/reduced,none,69,66,60,GCSE/O level,617
female,free/reduced,none,63,65,71,associate's degree,618
male,standard,completed,72,65,70,GCSE/O level,619
male,free/reduced,completed,78,65,85,A level,620
female,standard,completed,71,65,89,A level,621
male,standard,completed,56,65,50,associate's degree,622
female,standard,completed,90,65,94,associate's degree,623
female,standard,none,80,65,81,associate's degree,624
male,free/reduced,none,36,65,45,master's degree,625
male,free/reduced,completed,60,65,68,A level,626
female,free/reduced,none,60,65,67,bachelor's degree,627
male,free/reduced,none,44,65,42,master's degree,628
female,free/reduced,none,58,65,64,associate's degree,629
male,standard,none,100,65,93,associate's degree,630
male,standard,none,73,65,70,A level,631
female,standard,none,55,65,67,A level,632
female,standard,none,94,65,96,bachelor's degree,633
female,free/reduced,none,79,65,88,bachelor's degree,634
female,free/reduced,completed,52,65,58,A level,635
male,free/reduced,none,67,65,51,GCSE/O level,636
male,standard,none,78,65,66,A level,637
female,free/reduced,none,48,65,51,A level,638
male,standard,none,51,65,53,GCSE/O level,639
female,free/reduced,none,53,65,61,A level,640
female,standard,none,60,64,66,GCSE/O level,641
male,free/reduced,none,63,64,55,bachelor's degree,642
male,free/reduced,none,85,64,75,A level,643
female,free/reduced,completed,51,64,63,A level,644
male,standard,none,80,64,67,master's degree,645
female,standard,none,55,64,68,associate's degree,646
male,standard,completed,75,64,74,A level,647
male,standard,none,71,64,50,A level,648
male,free/reduced,none,67,64,58,bachelor's degree,649
male,free/reduced,none,72,64,77,master's degree,650
male,standard,none,62,64,54,associate's degree,651
male,free/reduced,completed,53,64,45,bachelor's degree,652
female,free/reduced,completed,62,64,74,GCSE/O level,653
female,standard,none,59,64,71,GCSE/O level,654
male,free/reduced,none,82,64,65,associate's degree,655
female,standard,completed,66,64,75,A level,656
male,free/reduced,none,53,64,39,associate's degree,657
female,standard,completed,67,64,78,bachelor's degree,658
female,standard,completed,53,64,62,GCSE/O level,659
female,free/reduced,none,47,64,72,A level,660
male,standard,completed,73,64,67,GCSE/O level,661
female,standard,completed,57,64,86,bachelor's degree,662
male,standard,completed,57,64,61,GCSE/O level,663
female,free/reduced,completed,73,64,85,associate's degree,664
male,standard,completed,48,64,43,bachelor's degree,665
female,standard,none,52,64,55,associate's degree,666
male,free/reduced,none,55,63,55,GCSE/O level,667
female,standard,completed,77,63,86,bachelor's degree,668
female,standard,none,90,63,93,bachelor's degree,669
male,standard,completed,80,63,88,associate's degree,670
female,standard,none,45,63,59,bachelor's degree,671
female,free/reduced,none,82,63,73,bachelor's degree,672
female,free/reduced,none,45,63,54,bachelor's degree,673
female,free/reduced,completed,66,63,80,associate's degree,674
male,free/reduced,none,54,63,57,associate's degree,675
female,free/reduced,completed,46,63,60,GCSE/O level,676
male,standard,none,54,63,51,associate's degree,677
female,standard,completed,66,63,80,bachelor's degree,678
male,free/reduced,none,72,63,76,GCSE/O level,679
female,standard,completed,79,63,90,associate's degree,680
male,free/reduced,none,57,63,55,associate's degree,681
female,standard,completed,71,63,81,bachelor's degree,682
female,standard,none,79,63,73,associate's degree,683
male,standard,completed,66,63,62,master's degree,684
female,standard,completed,73,63,87,A level,685
male,standard,none,75,63,68,bachelor's degree,686
male,standard,none,46,63,42,A level,687
female,free/reduced,completed,59,63,71,bachelor's degree,688
male,standard,completed,67,63,67,master's degree,689
male,standard,none,81,63,73,associate's degree,690
male,free/reduced,completed,72,63,74,GCSE/O level,691
male,free/reduced,completed,77,63,76,bachelor's degree,692
female,standard,none,48,62,59,GCSE/O level,693
female,free/reduced,none,60,62,61,A level,694
male,standard,none,86,62,72,GCSE/O level,695
female,free/reduced,none,37,62,37,bachelor's degree,696
male,standard,completed,83,62,84,GCSE/O level,697
male,standard,none,82,62,75,master's degree,698
male,standard,completed,100,62,99,associate's degree,699
male,free/reduced,completed,87,62,85,bachelor's degree,700
female,standard,none,81,62,86,bachelor's degree,701
female,standard,completed,59,62,76,bachelor's degree,702
female,standard,completed,78,62,83,master's degree,703
male,free/reduced,completed,77,62,68,A level,704
female,standard,none,56,62,71,associate's degree,705
female,free/reduced,none,89,62,91,bachelor's degree,706
male,free/reduced,none,52,62,55,GCSE/O level,707
male,free/reduced,none,57,62,44,GCSE/O level,708
male,standard,completed,89,62,93,master's degree,709
female,standard,none,59,62,68,GCSE/O level,710
male,free/reduced,completed,72,62,72,associate's degree,711
male,standard,none,60,61,56,bachelor's degree,712
male,standard,none,56,61,41,associate's degree,713
male,free/reduced,completed,51,61,58,associate's degree,714
female,standard,completed,48,61,57,A level,715
male,standard,none,75,61,66,GCSE/O level,716
male,free/reduced,completed,70,61,73,bachelor's degree,717
female,standard,none,50,61,56,associate's degree,718
female,free/reduced,completed,43,61,58,associate's degree,719
male,standard,none,84,61,76,GCSE/O level,720
female,standard,none,76,61,79,GCSE/O level,721
female,standard,none,38,61,50,A level,722
male,standard,none,55,61,52,associate's degree,723
female,free/reduced,completed,73,61,85,master's degree,724
male,standard,none,73,61,70,A level,725
male,standard,none,95,61,82,bachelor's degree,726
female,free/reduced,none,42,61,53,bachelor's degree,727
male,standard,none,86,61,81,bachelor's degree,728
female,free/reduced,completed,61,61,81,bachelor's degree,729
male,free/reduced,completed,59,61,52,GCSE/O level,730
male,standard,none,63,61,61,bachelor's degree,731
female,standard,completed,76,61,78,bachelor's degree,732
male,standard,none,76,60,68,bachelor's degree,733
female,standard,none,82,60,93,associate's degree,734
male,standard,none,78,60,61,associate's degree,735
male,free/reduced,none,63,60,60,associate's degree,736
female,standard,none,69,60,60,bachelor's degree,737
male,standard,completed,62,60,60,GCSE/O level,738
male,standard,none,63,60,54,bachelor's degree,739
male,standard,none,60,60,55,associate's degree,740
female,standard,completed,87,60,100,GCSE/O level,741
female,free/reduced,none,34,60,49,GCSE/O level,742
female,standard,completed,91,60,92,bachelor's degree,743
male,standard,none,82,60,68,associate's degree,744
male,free/reduced,none,69,60,50,associate's degree,745
male,free/reduced,none,39,60,26,bachelor's degree,746
female,free/reduced,none,82,59,90,associate's degree,747
female,free/reduced,completed,51,59,64,associate's degree,748
male,standard,completed,62,59,57,associate's degree,749
male,free/reduced,none,39,59,28,bachelor's degree,750
male,standard,completed,85,59,81,bachelor's degree,751
male,free/reduced,completed,62,59,63,bachelor's degree,752
male,standard,none,53,59,53,associate's degree,753
male,free/reduced,none,53,59,42,bachelor's degree,754
male,standard,none,65,59,65,GCSE/O level,755
female,standard,none,68,59,74,master's degree,756
female,free/reduced,completed,73,59,90,associate's degree,757
male,standard,completed,62,59,61,GCSE/O level,758
female,standard,completed,87,59,100,bachelor's degree,759
female,standard,none,62,59,66,GCSE/O level,760
female,standard,none,85,59,91,A level,761
female,free/reduced,completed,73,58,77,GCSE/O level,762
male,free/reduced,completed,58,58,53,A level,763
male,free/reduced,none,38,58,42,master's degree,764
female,standard,none,91,58,78,associate's degree,765
female,standard,completed,91,58,97,GCSE/O level,766
female,standard,completed,76,58,95,bachelor's degree,767
male,standard,completed,73,58,61,A level,768
male,standard,completed,69,58,72,A level,769
female,standard,none,73,58,74,GCSE/O level,770
female,free/reduced,none,68,58,72,associate's degree,771
female,free/reduced,completed,82,58,99,master's degree,772
female,standard,completed,95,58,100,bachelor's degree,773
female,free/reduced,none,43,58,50,GCSE/O level,774
male,standard,none,81,58,80,associate's degree,775
male,standard,completed,75,58,67,bachelor's degree,776
male,standard,completed,73,58,67,GCSE/O level,777
male,standard,none,75,58,74,bachelor's degree,778
female,standard,none,67,57,72,bachelor's degree,779
male,free/reduced,none,49,57,41,GCSE/O level,780
male,standard,none,65,57,66,bachelor's degree,781
female,standard,completed,75,57,86,bachelor's degree,782
male,free/reduced,none,79,57,72,bachelor's degree,783
male,free/reduced,completed,52,57,48,associate's degree,784
female,standard,none,83,57,89,master's degree,785
male,standard,none,77,57,64,GCSE/O level,786
male,free/reduced,none,62,57,56,bachelor's degree,787
female,standard,completed,67,57,84,A level,788
female,free/reduced,completed,29,57,46,associate's degree,789
female,standard,none,85,57,85,A level,790
male,standard,none,76,57,69,bachelor's degree,791
male,standard,none,74,57,63,bachelor's degree,792
male,standard,none,59,57,50,bachelor's degree,793
male,standard,none,85,57,75,bachelor's degree,794
male,standard,none,69,57,63,GCSE/O level,795
female,standard,none,61,57,68,bachelor's degree,796
male,standard,completed,70,57,67,bachelor's degree,797
female,free/reduced,none,63,57,57,associate's degree,798
female,standard,completed,65,57,74,GCSE/O level,799
female,standard,completed,72,57,88,A level,800
male,standard,none,79,57,69,GCSE/O level,801
female,free/reduced,none,48,57,60,A level,802
male,standard,none,78,57,62,associate's degree,803
female,standard,none,92,56,92,bachelor's degree,804
female,standard,completed,68,56,82,bachelor's degree,805
male,standard,completed,74,56,75,associate's degree,806
female,standard,completed,67,56,76,A level,807
male,standard,none,68,56,52,GCSE/O level,808
female,free/reduced,completed,44,56,70,bachelor's degree,809
female,free/reduced,none,66,56,77,associate's degree,810
male,free/reduced,none,66,56,63,associate's degree,811
male,free/reduced,completed,66,56,56,bachelor's degree,812
female,free/reduced,completed,67,56,74,master's degree,813
female,standard,none,50,56,58,GCSE/O level,814
male,standard,none,45,56,24,A level,815
male,standard,completed,77,56,67,GCSE/O level,816
female,free/reduced,completed,82,56,94,associate's degree,817
female,standard,none,58,56,71,bachelor's degree,818
female,standard,none,69,56,69,bachelor's degree,819
male,free/reduced,completed,77,56,69,associate's degree,820
female,free/reduced,completed,45,56,49,bachelor's degree,821
male,free/reduced,completed,95,55,88,master's degree,822
female,standard,none,58,55,64,A level,823
male,standard,completed,63,55,69,bachelor's degree,824
female,standard,completed,89,55,95,associate's degree,825
female,standard,none,74,55,77,associate's degree,826
male,standard,completed,79,55,77,GCSE/O level,827
male,standard,none,70,55,67,bachelor's degree,828
male,standard,none,53,55,52,bachelor's degree,829
male,free/reduced,none,89,55,89,bachelor's degree,830
male,standard,none,80,55,76,GCSE/O level,831
male,standard,none,94,55,84,bachelor's degree,832
male,standard,none,74,55,62,bachelor's degree,833
female,standard,none,94,55,93,bachelor's degree,834
male,standard,none,89,55,82,master's degree,835
female,free/reduced,none,75,55,89,master's degree,836
female,standard,none,64,54,67,master's degree,837
female,standard,completed,90,54,100,GCSE/O level,838
male,free/reduced,completed,56,54,47,A level,839
male,standard,none,83,54,76,bachelor's degree,840
male,standard,none,63,54,57,A level,841
male,free/reduced,none,30,54,32,bachelor's degree,842
female,standard,none,65,54,77,bachelor's degree,843
male,standard,none,66,54,54,A level,844
female,standard,none,59,54,71,bachelor's degree,845
male,standard,none,84,54,79,A level,846
female,standard,completed,97,54,100,bachelor's degree,847
male,standard,none,64,54,55,A level,848
female,standard,none,100,54,100,master's degree,849
male,standard,completed,92,53,81,bachelor's degree,850
female,standard,none,70,53,77,A level,851
female,standard,none,89,53,99,associate's degree,852
male,standard,completed,74,53,73,bachelor's degree,853
male,standard,completed,77,53,70,GCSE/O level,854
male,standard,none,65,53,63,bachelor's degree,855
male,standard,none,82,53,72,GCSE/O level,856
female,standard,completed,61,53,79,A level,857
male,standard,none,62,53,50,master's degree,858
female,free/reduced,completed,63,53,71,bachelor's degree,859
female,standard,none,69,53,70,bachelor's degree,860
male,free/reduced,none,72,53,62,A level,861
male,standard,none,60,53,56,bachelor's degree,862
female,standard,completed,71,53,79,bachelor's degree,863
female,free/reduced,none,68,53,78,bachelor's degree,864
male,standard,none,76,53,64,bachelor's degree,865
male,standard,none,76,53,59,A level,866
female,free/reduced,none,49,52,64,associate's degree,867
female,free/reduced,none,65,52,72,master's degree,868
female,free/reduced,none,53,52,56,master's degree,869
female,standard,none,88,52,94,bachelor's degree,870
male,standard,completed,61,52,60,associate's degree,871
female,standard,completed,92,52,100,associate's degree,872
female,standard,none,67,52,65,bachelor's degree,873
female,standard,completed,73,52,83,A level,874
female,free/reduced,none,53,52,66,GCSE/O level,875
female,standard,none,51,52,56,bachelor's degree,876
female,free/reduced,completed,52,52,71,associate's degree,877
female,free/reduced,none,54,52,64,A level,878
female,standard,none,57,52,67,bachelor's degree,879
male,standard,none,83,52,79,bachelor's degree,880
female,free/reduced,completed,58,52,71,bachelor's degree,881
male,free/reduced,none,78,51,74,A level,882
female,standard,completed,59,51,65,A level,883
male,free/reduced,none,62,51,62,GCSE/O level,884
male,free/reduced,completed,72,51,67,associate's degree,885
male,standard,completed,98,51,86,bachelor's degree,886
female,free/reduced,none,65,51,74,bachelor's degree,887
male,standard,none,88,51,78,master's degree,888
female,standard,completed,78,51,80,A level,889
female,standard,completed,78,51,86,bachelor's degree,890
male,standard,none,93,51,82,bachelor's degree,891
female,standard,none,54,51,60,bachelor's degree,892
male,standard,none,80,51,78,master's degree,893
male,standard,completed,95,51,88,associate's degree,894
female,standard,completed,58,51,75,GCSE/O level,895
male,standard,completed,100,51,86,A level,896
male,standard,none,74,51,69,associate's degree,897
female,free/reduced,completed,47,50,73,bachelor's degree,898
male,standard,completed,71,50,65,GCSE/O level,899
female,free/reduced,completed,46,50,63,A level,900
male,standard,none,47,50,46,bachelor's degree,901
male,standard,none,45,50,42,A level,902
male,free/reduced,none,42,50,42,A level,903
male,standard,completed,82,50,66,bachelor's degree,904
female,free/reduced,none,40,50,55,bachelor's degree,905
male,standard,none,76,50,83,A level,906
male,standard,completed,62,49,58,A level,907
male,standard,none,63,49,55,GCSE/O level,908
male,free/reduced,completed,72,49,74,associate's degree,909
female,standard,none,66,49,77,associate's degree,910
male,standard,none,61,49,58,associate's degree,911
female,standard,completed,64,49,82,GCSE/O level,912
male,free/reduced,none,70,49,74,master's degree,913
male,standard,none,64,49,64,GCSE/O level,914
female,standard,none,40,49,39,bachelor's degree,915
male,standard,none,58,49,64,associate's degree,916
female,standard,completed,96,49,98,GCSE/O level,917
female,standard,none,53,49,62,A level,918
female,standard,none,74,48,72,associate's degree,919
female,standard,completed,92,48,89,bachelor's degree,920
male,standard,completed,85,48,87,GCSE/O level,921
male,free/reduced,none,71,48,68,associate's degree,922
female,standard,none,75,48,86,bachelor's degree,923
male,free/reduced,completed,68,48,61,GCSE/O level,924
male,free/reduced,none,58,48,45,associate's degree,925
female,standard,completed,91,48,100,bachelor's degree,926
female,standard,completed,73,48,79,master's degree,927
male,standard,none,81,48,73,GCSE/O level,928
female,free/reduced,completed,49,47,65,A level,929
female,standard,completed,67,47,77,GCSE/O level,930
female,standard,none,84,47,84,bachelor's degree,931
female,free/reduced,completed,59,47,72,bachelor's degree,932
female,standard,none,62,47,73,bachelor's degree,933
male,free/reduced,completed,42,47,46,A level,934
male,standard,none,74,47,70,bachelor's degree,935
female,standard,completed,66,47,88,master's degree,936
female,free/reduced,completed,74,47,86,associate's degree,937
female,standard,none,50,47,55,GCSE/O level,938
female,standard,none,59,46,78,bachelor's degree,939
female,standard,none,67,46,81,bachelor's degree,940
female,standard,none,38,46,47,bachelor's degree,941
female,standard,completed,66,46,82,associate's degree,942
male,standard,none,65,46,65,bachelor's degree,943
male,standard,none,92,46,83,bachelor's degree,944
female,free/reduced,none,35,46,38,associate's degree,945
female,standard,completed,31,46,40,GCSE/O level,946
male,standard,none,83,46,82,bachelor's degree,947
male,standard,none,66,46,61,associate's degree,948
female,free/reduced,none,65,46,66,A level,949
male,standard,completed,70,46,67,GCSE/O level,950
female,standard,completed,49,46,63,bachelor's degree,951
male,free/reduced,none,67,45,59,associate's degree,952
female,standard,none,66,45,64,bachelor's degree,953
female,standard,completed,81,45,82,associate's degree,954
male,standard,completed,85,45,77,GCSE/O level,955
male,standard,completed,54,45,53,GCSE/O level,956
male,standard,none,85,44,82,master's degree,957
female,free/reduced,completed,50,44,68,A level,958
female,standard,none,64,44,68,associate's degree,959
male,free/reduced,none,32,44,32,bachelor's degree,960
male,standard,completed,64,44,64,bachelor's degree,961
female,standard,completed,64,44,71,A level,962
female,free/reduced,completed,80,44,100,bachelor's degree,963
female,standard,none,48,44,52,A level,964
male,standard,none,79,44,72,associate's degree,965
female,free/reduced,none,31,44,38,master's degree,966
male,standard,completed,78,43,71,A level,967
female,standard,none,62,43,68,bachelor's degree,968
female,standard,none,48,43,65,GCSE/O level,969
female,standard,none,58,43,72,bachelor's degree,970
female,free/reduced,completed,71,43,76,bachelor's degree,971
female,standard,none,71,43,77,A level,972
male,standard,completed,83,42,84,associate's degree,973
male,free/reduced,none,53,42,51,bachelor's degree,974
male,standard,completed,70,42,66,A level,975
female,standard,completed,74,42,98,master's degree,976
male,free/reduced,none,39,41,34,GCSE/O level,977
male,free/reduced,completed,51,41,50,master's degree,978
male,free/reduced,none,72,40,54,GCSE/O level,979
male,free/reduced,completed,95,40,82,bachelor's degree,980
male,standard,completed,89,40,87,bachelor's degree,981
female,standard,completed,47,39,55,A level,982
female,standard,none,56,39,71,A level,983
male,free/reduced,none,62,39,56,bachelor's degree,984
male,standard,none,68,39,62,A level,985
female,standard,none,71,39,77,bachelor's degree,986
female,free/reduced,none,55,38,65,bachelor's degree,987
female,standard,completed,68,38,74,GCSE/O level,988
male,free/reduced,completed,72,37,77,associate's degree,989
female,standard,none,64,37,68,bachelor's degree,990
male,free/reduced,completed,65,37,66,associate's degree,991
male,free/reduced,none,75,36,70,bachelor's degree,992
female,standard,completed,85,36,100,A level,993
male,free/reduced,none,54,35,58,master's degree,994
female,standard,none,85,33,94,bachelor's degree,995
male,free/reduced,completed,88,33,76,A level,996
male,free/reduced,none,65,31,59,GCSE/O level,997
male,standard,none,73,30,63,GCSE/O level,998
male,standard,none,64,28,61,GCSE/O level,999
female,free/reduced,completed,64,23,79,associate's degree,1000
